2019246326600000000,600000,2010000001,20180402,093100,20180402093100,11.6800,11.7000,11.6500,11.7000,669200.0000,7822460.0000,224,2019246326600000000,2018-04-27 18:49:05,18:49:05
2019246327200000001,600000,2010000001,20180402,093200,20180402093200,11.6900,11.7100,11.6900,11.7000,437938.0000,5123591.2200,114,2019246327200000001,2018-04-27 18:49:05,18:49:05
2019246327800000002,600000,2010000001,20180402,093300,20180402093300,11.7000,11.7200,11.6900,11.7100,392311.0000,4592555.7000,120,2019246327800000002,2018-04-27 18:49:05,18:49:05
2019246328400000003,600000,2010000001,20180402,093400,20180402093400,11.7100,11.7200,11.7000,11.7000,240089.0000,2811092.0800,95,2019246328400000003,2018-04-27 18:49:05,18:49:05
2019246329000000004,600000,2010000001,20180402,093500,20180402093500,11.7000,11.7100,11.6900,11.6900,275900.0000,3228594.0000,100,2019246329000000004,2018-04-27 18:49:05,18:49:05
2019246329600000005,600000,2010000001,20180402,093600,20180402093600,11.7000,11.7000,11.6800,11.7000,251389.0000,2939368.4100,70,2019246329600000005,2018-04-27 18:49:05,18:49:05
2019246330200000006,600000,2010000001,20180402,093700,20180402093700,11.6900,11.7100,11.6900,11.7000,245900.0000,2876511.0000,90,2019246330200000006,2018-04-27 18:49:05,18:49:05
2019246330800000007,600000,2010000001,20180402,093800,20180402093800,11.7000,11.7100,11.6900,11.6900,98611.0000,1153667.7000,47,2019246330800000007,2018-04-27 18:49:05,18:49:05
2019246331400000008,600000,2010000001,20180402,093900,20180402093900,11.6900,11.7100,11.6900,11.7000,293469.0000,3432980.9100,63,2019246331400000008,2018-04-27 18:49:05,18:49:05
2019246332000000009,600000,2010000001,20180402,094000,20180402094000,11.7000,11.7100,11.6900,11.7000,175587.0000,2054052.7300,69,2019246332000000009,2018-04-27 18:49:05,18:49:05
2019246332600000010,600000,2010000001,20180402,094100,20180402094100,11.6900,11.7200,11.6900,11.7200,366930.0000,4295461.0000,108,2019246332600000010,2018-04-27 18:49:05,18:49:05
2019246333200000011,600000,2010000001,20180402,094200,20180402094200,11.7200,11.7400,11.7100,11.7300,335769.0000,3936814.1800,133,2019246333200000011,2018-04-27 18:49:05,18:49:05
2019246333800000012,600000,2010000001,20180402,094300,20180402094300,11.7300,11.7400,11.7300,11.7300,158026.0000,1854954.9800,90,2019246333800000012,2018-04-27 18:49:05,18:49:05
2019246334400000013,600000,2010000001,20180402,094400,20180402094400,11.7300,11.7500,11.7300,11.7500,208814.0000,2452018.3600,104,2019246334400000013,2018-04-27 18:49:05,18:49:05
2019246335000000014,600000,2010000001,20180402,094500,20180402094500,11.7500,11.7600,11.7500,11.7500,185300.0000,2177937.0000,144,2019246335000000014,2018-04-27 18:49:06,18:49:06
2019246335600000015,600000,2010000001,20180402,094600,20180402094600,11.7600,11.7600,11.7400,11.7500,206500.0000,2426280.0000,117,2019246335600000015,2018-04-27 18:49:06,18:49:06
2019246336200000016,600000,2010000001,20180402,094700,20180402094700,11.7500,11.7600,11.7300,11.7400,278400.0000,3269331.0000,107,2019246336200000016,2018-04-27 18:49:06,18:49:06
2019246336800000017,600000,2010000001,20180402,094800,20180402094800,11.7400,11.7500,11.7400,11.7500,221700.0000,2604695.0000,112,2019246336800000017,2018-04-27 18:49:06,18:49:06
2019246337400000018,600000,2010000001,20180402,094900,20180402094900,11.7500,11.7700,11.7400,11.7600,314150.0000,3694121.0000,150,2019246337400000018,2018-04-27 18:49:06,18:49:06
2019246338000000019,600000,2010000001,20180402,095000,20180402095000,11.7700,11.7700,11.7500,11.7600,177900.0000,2092739.0000,91,2019246338000000019,2018-04-27 18:49:06,18:49:06
2019246338600000020,600000,2010000001,20180402,095100,20180402095100,11.7500,11.7700,11.7500,11.7700,185129.0000,2178298.7500,104,2019246338600000020,2018-04-27 18:49:06,18:49:06
2019246339200000021,600000,2010000001,20180402,095200,20180402095200,11.7600,11.7900,11.7600,11.7900,523766.0000,6170285.7900,217,2019246339200000021,2018-04-27 18:49:06,18:49:06
2019246339800000022,600000,2010000001,20180402,095300,20180402095300,11.7900,11.8000,11.7600,11.7900,592637.0000,6984186.7900,204,2019246339800000022,2018-04-27 18:49:06,18:49:06
2019246340400000023,600000,2010000001,20180402,095400,20180402095400,11.7900,11.7900,11.7800,11.7800,255763.0000,3013877.1400,88,2019246340400000023,2018-04-27 18:49:06,18:49:06
2019246341000000024,600000,2010000001,20180402,095500,20180402095500,11.7900,11.8200,11.7800,11.8100,470101.0000,5545762.8000,206,2019246341000000024,2018-04-27 18:49:06,18:49:06
2019246341600000025,600000,2010000001,20180402,095600,20180402095600,11.8000,11.8200,11.7800,11.7900,247599.0000,2921902.1900,100,2019246341600000025,2018-04-27 18:49:06,18:49:06
2019246342200000026,600000,2010000001,20180402,095700,20180402095700,11.7900,11.8000,11.7800,11.7900,89300.0000,1052976.0000,58,2019246342200000026,2018-04-27 18:49:06,18:49:06
2019246342800000027,600000,2010000001,20180402,095800,20180402095800,11.7900,11.8000,11.7900,11.8000,256373.0000,3023279.6700,92,2019246342800000027,2018-04-27 18:49:06,18:49:06
2019246343400000028,600000,2010000001,20180402,095900,20180402095900,11.8000,11.8000,11.7700,11.7700,337227.0000,3975821.6000,121,2019246343400000028,2018-04-27 18:49:06,18:49:06
2019246344000000029,600000,2010000001,20180402,100000,20180402100000,11.7800,11.7800,11.7600,11.7600,106900.0000,1258012.0000,52,2019246344000000029,2018-04-27 18:49:06,18:49:06
2019246344600000030,600000,2010000001,20180402,100100,20180402100100,11.7700,11.7700,11.7500,11.7600,228700.0000,2690877.0000,92,2019246344600000030,2018-04-27 18:49:06,18:49:06
2019246345200000031,600000,2010000001,20180402,100200,20180402100200,11.7700,11.8000,11.7700,11.7900,121600.0000,1432997.0000,85,2019246345200000031,2018-04-27 18:49:06,18:49:06
2019246345800000032,600000,2010000001,20180402,100300,20180402100300,11.7800,11.8000,11.7700,11.7800,161100.0000,1897508.0000,74,2019246345800000032,2018-04-27 18:49:06,18:49:06
2019246346400000033,600000,2010000001,20180402,100400,20180402100400,11.7800,11.7900,11.7800,11.7900,86840.0000,1023497.2000,69,2019246346400000033,2018-04-27 18:49:06,18:49:06
2019246347000000034,600000,2010000001,20180402,100500,20180402100500,11.7900,11.7900,11.7800,11.7900,68300.0000,805079.0000,55,2019246347000000034,2018-04-27 18:49:06,18:49:06
2019246347600000035,600000,2010000001,20180402,100600,20180402100600,11.7900,11.7900,11.7600,11.7800,160160.0000,1886541.9500,123,2019246347600000035,2018-04-27 18:49:06,18:49:06
2019246348200000036,600000,2010000001,20180402,100700,20180402100700,11.7800,11.7800,11.7700,11.7800,74200.0000,873616.0000,41,2019246348200000036,2018-04-27 18:49:06,18:49:06
2019246348800000037,600000,2010000001,20180402,100800,20180402100800,11.7800,11.7800,11.7700,11.7700,84600.0000,996079.0000,50,2019246348800000037,2018-04-27 18:49:06,18:49:06
2019246349400000038,600000,2010000001,20180402,100900,20180402100900,11.7700,11.7800,11.7600,11.7700,121300.0000,1428546.0000,97,2019246349400000038,2018-04-27 18:49:06,18:49:06
2019246350000000039,600000,2010000001,20180402,101000,20180402101000,11.7700,11.7700,11.7600,11.7600,81600.0000,959828.0000,55,2019246350000000039,2018-04-27 18:49:06,18:49:06
2019246350600000040,600000,2010000001,20180402,101100,20180402101100,11.7700,11.7700,11.7600,11.7600,89461.0000,1052292.3600,57,2019246350600000040,2018-04-27 18:49:06,18:49:06
2019246351200000041,600000,2010000001,20180402,101200,20180402101200,11.7600,11.7700,11.7500,11.7500,44539.0000,523701.6400,40,2019246351200000041,2018-04-27 18:49:06,18:49:06
2019246351800000042,600000,2010000001,20180402,101300,20180402101300,11.7600,11.7600,11.7500,11.7600,112061.0000,1317486.3600,72,2019246351800000042,2018-04-27 18:49:07,18:49:07
2019246352400000043,600000,2010000001,20180402,101400,20180402101400,11.7700,11.7700,11.7500,11.7600,144900.0000,1704210.3900,64,2019246352400000043,2018-04-27 18:49:07,18:49:07
2019246353000000044,600000,2010000001,20180402,101500,20180402101500,11.7700,11.7700,11.7500,11.7700,98700.0000,1160924.0000,60,2019246353000000044,2018-04-27 18:49:07,18:49:07
2019246353600000045,600000,2010000001,20180402,101600,20180402101600,11.7700,11.7800,11.7500,11.7800,153072.0000,1801101.0000,101,2019246353600000045,2018-04-27 18:49:07,18:49:07
2019246354200000046,600000,2010000001,20180402,101700,20180402101700,11.7800,11.7800,11.7600,11.7700,106600.0000,1255075.0000,54,2019246354200000046,2018-04-27 18:49:07,18:49:07
2019246354800000047,600000,2010000001,20180402,101800,20180402101800,11.7700,11.7700,11.7600,11.7700,69590.0000,818710.4000,39,2019246354800000047,2018-04-27 18:49:07,18:49:07
2019246355400000048,600000,2010000001,20180402,101900,20180402101900,11.7800,11.7800,11.7600,11.7800,295400.0000,3478880.0000,90,2019246355400000048,2018-04-27 18:49:07,18:49:07
2019246356000000049,600000,2010000001,20180402,102000,20180402102000,11.7800,11.7900,11.7600,11.7800,66600.0000,784675.0000,50,2019246356000000049,2018-04-27 18:49:07,18:49:07
2019246356600000050,600000,2010000001,20180402,102100,20180402102100,11.7900,11.7900,11.7800,11.7900,24700.0000,291081.0000,27,2019246356600000050,2018-04-27 18:49:07,18:49:07
2019246357200000051,600000,2010000001,20180402,102200,20180402102200,11.7800,11.7900,11.7700,11.7700,62600.0000,737425.0000,51,2019246357200000051,2018-04-27 18:49:07,18:49:07
2019246357800000052,600000,2010000001,20180402,102300,20180402102300,11.7800,11.7900,11.7700,11.7800,222500.0000,2622827.0000,111,2019246357800000052,2018-04-27 18:49:07,18:49:07
2019246358400000053,600000,2010000001,20180402,102400,20180402102400,11.7900,11.7900,11.7800,11.7900,39531.0000,465912.4900,47,2019246358400000053,2018-04-27 18:49:07,18:49:07
2019246359000000054,600000,2010000001,20180402,102500,20180402102500,11.7900,11.7900,11.7800,11.7900,78969.0000,930530.5100,56,2019246359000000054,2018-04-27 18:49:07,18:49:07
2019246359600000055,600000,2010000001,20180402,102600,20180402102600,11.7900,11.7900,11.7700,11.7800,56800.0000,669086.0000,46,2019246359600000055,2018-04-27 18:49:07,18:49:07
2019246360200000056,600000,2010000001,20180402,102700,20180402102700,11.7800,11.7800,11.7600,11.7800,55200.0000,649965.0000,55,2019246360200000056,2018-04-27 18:49:07,18:49:07
2019246360800000057,600000,2010000001,20180402,102800,20180402102800,11.7700,11.7900,11.7600,11.7900,175900.0000,2071634.0000,80,2019246360800000057,2018-04-27 18:49:07,18:49:07
2019246361400000058,600000,2010000001,20180402,102900,20180402102900,11.7900,11.7900,11.7700,11.7800,51100.0000,602118.0000,37,2019246361400000058,2018-04-27 18:49:07,18:49:07
2019246362000000059,600000,2010000001,20180402,103000,20180402103000,11.7800,11.7900,11.7700,11.7700,97200.0000,1144621.0000,67,2019246362000000059,2018-04-27 18:49:07,18:49:07
2019246362600000060,600000,2010000001,20180402,103100,20180402103100,11.7700,11.7800,11.7600,11.7700,39200.0000,461224.0000,32,2019246362600000060,2018-04-27 18:49:07,18:49:07
2019246363200000061,600000,2010000001,20180402,103200,20180402103200,11.7700,11.7800,11.7600,11.7800,165300.0000,1946879.0000,49,2019246363200000061,2018-04-27 18:49:07,18:49:07
2019246363800000062,600000,2010000001,20180402,103300,20180402103300,11.7700,11.7800,11.7600,11.7700,94800.0000,1115824.0000,41,2019246363800000062,2018-04-27 18:49:07,18:49:07
2019246364400000063,600000,2010000001,20180402,103400,20180402103400,11.7700,11.7700,11.7400,11.7400,270377.0000,3176483.8500,142,2019246364400000063,2018-04-27 18:49:07,18:49:07
2019246365000000064,600000,2010000001,20180402,103500,20180402103500,11.7400,11.7700,11.7300,11.7600,289867.0000,3404174.5800,62,2019246365000000064,2018-04-27 18:49:07,18:49:07
2019246365600000065,600000,2010000001,20180402,103600,20180402103600,11.7600,11.7700,11.7600,11.7700,39600.0000,465978.0000,21,2019246365600000065,2018-04-27 18:49:07,18:49:07
2019246366200000066,600000,2010000001,20180402,103700,20180402103700,11.7600,11.7700,11.7600,11.7700,42520.0000,500325.2000,42,2019246366200000066,2018-04-27 18:49:07,18:49:07
2019246366800000067,600000,2010000001,20180402,103800,20180402103800,11.7700,11.7700,11.7600,11.7700,55500.0000,652901.0000,51,2019246366800000067,2018-04-27 18:49:07,18:49:07
2019246367400000068,600000,2010000001,20180402,103900,20180402103900,11.7600,11.7700,11.7500,11.7700,54200.0000,637326.8000,60,2019246367400000068,2018-04-27 18:49:07,18:49:07
2019246368000000069,600000,2010000001,20180402,104000,20180402104000,11.7600,11.7700,11.7500,11.7500,99000.0000,1164172.0000,53,2019246368000000069,2018-04-27 18:49:07,18:49:07
2019246368600000070,600000,2010000001,20180402,104100,20180402104100,11.7500,11.7800,11.7500,11.7500,231500.0000,2724744.0000,81,2019246368600000070,2018-04-27 18:49:07,18:49:07
2019246369200000071,600000,2010000001,20180402,104200,20180402104200,11.7500,11.7700,11.7500,11.7600,62500.0000,735083.0000,56,2019246369200000071,2018-04-27 18:49:07,18:49:07
2019246369800000072,600000,2010000001,20180402,104300,20180402104300,11.7600,11.7600,11.7500,11.7500,59900.0000,704351.0000,40,2019246369800000072,2018-04-27 18:49:07,18:49:07
2019246370400000073,600000,2010000001,20180402,104400,20180402104400,11.7600,11.7700,11.7500,11.7700,43500.0000,511867.0000,34,2019246370400000073,2018-04-27 18:49:07,18:49:07
2019246371000000074,600000,2010000001,20180402,104500,20180402104500,11.7600,11.7700,11.7600,11.7700,54401.0000,639919.7600,52,2019246371000000074,2018-04-27 18:49:07,18:49:07
2019246371600000075,600000,2010000001,20180402,104600,20180402104600,11.7700,11.7700,11.7600,11.7600,42477.0000,499652.5200,41,2019246371600000075,2018-04-27 18:49:07,18:49:07
2019246372200000076,600000,2010000001,20180402,104700,20180402104700,11.7600,11.7700,11.7500,11.7600,54422.0000,640004.7200,39,2019246372200000076,2018-04-27 18:49:07,18:49:07
2019246372800000077,600000,2010000001,20180402,104800,20180402104800,11.7600,11.7700,11.7500,11.7700,105278.0000,1238040.2800,66,2019246372800000077,2018-04-27 18:49:07,18:49:07
2019246373400000078,600000,2010000001,20180402,104900,20180402104900,11.7700,11.7700,11.7500,11.7500,49022.0000,576622.7200,34,2019246373400000078,2018-04-27 18:49:07,18:49:07
2019246374000000079,600000,2010000001,20180402,105000,20180402105000,11.7600,11.7600,11.7500,11.7600,23778.0000,279568.5000,32,2019246374000000079,2018-04-27 18:49:07,18:49:07
2019246374600000080,600000,2010000001,20180402,105100,20180402105100,11.7600,11.7700,11.7600,11.7700,46200.0000,543345.0000,38,2019246374600000080,2018-04-27 18:49:07,18:49:07
2019246375200000081,600000,2010000001,20180402,105200,20180402105200,11.7700,11.7700,11.7600,11.7600,21400.0000,251686.0000,37,2019246375200000081,2018-04-27 18:49:07,18:49:07
2019246375800000082,600000,2010000001,20180402,105300,20180402105300,11.7600,11.7700,11.7600,11.7700,45800.0000,538674.0000,37,2019246375800000082,2018-04-27 18:49:07,18:49:07
2019246376400000083,600000,2010000001,20180402,105400,20180402105400,11.7600,11.7700,11.7600,11.7700,24286.0000,285754.3600,28,2019246376400000083,2018-04-27 18:49:07,18:49:07
2019246377000000084,600000,2010000001,20180402,105500,20180402105500,11.7600,11.7700,11.7600,11.7600,37100.0000,436390.0000,25,2019246377000000084,2018-04-27 18:49:07,18:49:07
2019246377600000085,600000,2010000001,20180402,105600,20180402105600,11.7700,11.7700,11.7500,11.7700,173699.0000,2042568.3900,94,2019246377600000085,2018-04-27 18:49:07,18:49:07
2019246378200000086,600000,2010000001,20180402,105700,20180402105700,11.7600,11.7800,11.7500,11.7700,285676.0000,3362098.6600,107,2019246378200000086,2018-04-27 18:49:07,18:49:07
2019246378800000087,600000,2010000001,20180402,105800,20180402105800,11.7700,11.7800,11.7500,11.7500,183400.0000,2158218.4800,114,2019246378800000087,2018-04-27 18:49:07,18:49:07
2019246379400000088,600000,2010000001,20180402,105900,20180402105900,11.7700,11.7900,11.7500,11.7800,138700.0000,1633582.0000,64,2019246379400000088,2018-04-27 18:49:07,18:49:07
2019246380000000089,600000,2010000001,20180402,110000,20180402110000,11.7800,11.7900,11.7700,11.7900,78691.0000,927220.9800,40,2019246380000000089,2018-04-27 18:49:07,18:49:07
2019246380600000090,600000,2010000001,20180402,110100,20180402110100,11.7800,11.7900,11.7700,11.7800,86809.0000,1022636.1100,65,2019246380600000090,2018-04-27 18:49:07,18:49:07
2019246381200000091,600000,2010000001,20180402,110200,20180402110200,11.7800,11.7800,11.7600,11.7700,81800.0000,963053.0000,58,2019246381200000091,2018-04-27 18:49:07,18:49:07
2019246381800000092,600000,2010000001,20180402,110300,20180402110300,11.7700,11.7800,11.7600,11.7600,60600.0000,713129.0000,42,2019246381800000092,2018-04-27 18:49:07,18:49:07
2019246382400000093,600000,2010000001,20180402,110400,20180402110400,11.7600,11.7700,11.7500,11.7600,64400.0000,757478.0000,42,2019246382400000093,2018-04-27 18:49:07,18:49:07
2019246383000000094,600000,2010000001,20180402,110500,20180402110500,11.7600,11.7600,11.7500,11.7500,40700.0000,478263.0000,26,2019246383000000094,2018-04-27 18:49:07,18:49:07
2019246383600000095,600000,2010000001,20180402,110600,20180402110600,11.7500,11.7600,11.7400,11.7400,71400.0000,838963.0000,55,2019246383600000095,2018-04-27 18:49:07,18:49:07
2019246384200000096,600000,2010000001,20180402,110700,20180402110700,11.7500,11.7700,11.7400,11.7500,134722.0000,1583593.5000,66,2019246384200000096,2018-04-27 18:49:07,18:49:07
2019246384800000097,600000,2010000001,20180402,110800,20180402110800,11.7700,11.7700,11.7600,11.7700,53800.0000,632855.0000,46,2019246384800000097,2018-04-27 18:49:07,18:49:07
2019246385400000098,600000,2010000001,20180402,110900,20180402110900,11.7700,11.7700,11.7500,11.7600,35900.0000,422116.0000,26,2019246385400000098,2018-04-27 18:49:07,18:49:07
2019246386000000099,600000,2010000001,20180402,111000,20180402111000,11.7600,11.7600,11.7500,11.7600,109300.0000,1285134.0000,49,2019246386000000099,2018-04-27 18:49:07,18:49:07
2019246386600000100,600000,2010000001,20180402,111100,20180402111100,11.7600,11.7600,11.7500,11.7600,28200.0000,331466.0000,25,2019246386600000100,2018-04-27 18:49:07,18:49:07
2019246387200000101,600000,2010000001,20180402,111200,20180402111200,11.7600,11.7600,11.7500,11.7500,64700.0000,760583.0000,37,2019246387200000101,2018-04-27 18:49:07,18:49:07
2019246387800000102,600000,2010000001,20180402,111300,20180402111300,11.7500,11.7700,11.7500,11.7600,80400.0000,945539.0000,66,2019246387800000102,2018-04-27 18:49:07,18:49:07
2019246388400000103,600000,2010000001,20180402,111400,20180402111400,11.7600,11.7600,11.7500,11.7600,30013.0000,352726.7500,22,2019246388400000103,2018-04-27 18:49:07,18:49:07
2019246389000000104,600000,2010000001,20180402,111500,20180402111500,11.7600,11.7600,11.7500,11.7600,31100.0000,365474.0000,28,2019246389000000104,2018-04-27 18:49:07,18:49:07
2019246389600000105,600000,2010000001,20180402,111600,20180402111600,11.7600,11.7600,11.7500,11.7600,105900.0000,1245093.0000,62,2019246389600000105,2018-04-27 18:49:07,18:49:07
2019246390200000106,600000,2010000001,20180402,111700,20180402111700,11.7500,11.7600,11.7500,11.7600,51700.0000,607519.0000,75,2019246390200000106,2018-04-27 18:49:07,18:49:07
2019246390800000107,600000,2010000001,20180402,111800,20180402111800,11.7500,11.7600,11.7500,11.7500,144687.0000,1700602.2500,82,2019246390800000107,2018-04-27 18:49:07,18:49:07
2019246391400000108,600000,2010000001,20180402,111900,20180402111900,11.7500,11.7600,11.7400,11.7500,47700.0000,560590.8700,30,2019246391400000108,2018-04-27 18:49:07,18:49:07
2019246392000000109,600000,2010000001,20180402,112000,20180402112000,11.7500,11.7600,11.7400,11.7600,180213.0000,2118620.8800,64,2019246392000000109,2018-04-27 18:49:07,18:49:07
2019246392600000110,600000,2010000001,20180402,112100,20180402112100,11.7600,11.7700,11.7600,11.7600,47700.0000,560978.0000,22,2019246392600000110,2018-04-27 18:49:07,18:49:07
2019246393200000111,600000,2010000001,20180402,112200,20180402112200,11.7600,11.7700,11.7600,11.7600,88687.0000,1043100.1200,37,2019246393200000111,2018-04-27 18:49:07,18:49:07
2019246393800000112,600000,2010000001,20180402,112300,20180402112300,11.7600,11.7600,11.7500,11.7600,59200.0000,696112.0000,34,2019246393800000112,2018-04-27 18:49:07,18:49:07
2019246394400000113,600000,2010000001,20180402,112400,20180402112400,11.7600,11.7600,11.7500,11.7600,49300.0000,579725.0000,26,2019246394400000113,2018-04-27 18:49:07,18:49:07
2019246395000000114,600000,2010000001,20180402,112500,20180402112500,11.7600,11.7700,11.7500,11.7600,82900.0000,974973.0000,47,2019246395000000114,2018-04-27 18:49:07,18:49:07
2019246395600000115,600000,2010000001,20180402,112600,20180402112600,11.7600,11.7700,11.7600,11.7700,23200.0000,272845.0000,16,2019246395600000115,2018-04-27 18:49:07,18:49:07
2019246396200000116,600000,2010000001,20180402,112700,20180402112700,11.7600,11.7700,11.7500,11.7600,45500.0000,535212.0000,39,2019246396200000116,2018-04-27 18:49:07,18:49:07
2019246396800000117,600000,2010000001,20180402,112800,20180402112800,11.7600,11.7600,11.7400,11.7400,47400.0000,556937.0000,53,2019246396800000117,2018-04-27 18:49:07,18:49:07
2019246397400000118,600000,2010000001,20180402,112900,20180402112900,11.7400,11.7500,11.7400,11.7400,34100.0000,400366.0000,24,2019246397400000118,2018-04-27 18:49:07,18:49:07
2019246398000000119,600000,2010000001,20180402,113000,20180402113000,11.7400,11.7600,11.7400,11.7600,23900.0000,280708.0000,25,2019246398000000119,2018-04-27 18:49:07,18:49:07
2019246452600000120,600000,2010000001,20180402,130100,20180402130100,11.7400,11.7600,11.7400,11.7600,183418.0000,2155857.3200,137,2019246452600000120,2018-04-27 18:49:07,18:49:07
2019246453200000121,600000,2010000001,20180402,130200,20180402130200,11.7600,11.7600,11.7400,11.7600,30600.0000,359670.0000,28,2019246453200000121,2018-04-27 18:49:07,18:49:07
2019246453800000122,600000,2010000001,20180402,130300,20180402130300,11.7600,11.7600,11.7400,11.7500,50100.0000,588670.0000,37,2019246453800000122,2018-04-27 18:49:07,18:49:07
2019246454400000123,600000,2010000001,20180402,130400,20180402130400,11.7500,11.7500,11.7400,11.7500,9500.0000,111579.0000,17,2019246454400000123,2018-04-27 18:49:07,18:49:07
2019246455000000124,600000,2010000001,20180402,130500,20180402130500,11.7400,11.7500,11.7400,11.7500,14700.0000,172645.0000,20,2019246455000000124,2018-04-27 18:49:07,18:49:07
2019246455600000125,600000,2010000001,20180402,130600,20180402130600,11.7500,11.7600,11.7400,11.7600,65400.0000,768444.0000,57,2019246455600000125,2018-04-27 18:49:07,18:49:07
2019246456200000126,600000,2010000001,20180402,130700,20180402130700,11.7500,11.7600,11.7500,11.7500,10400.0000,122242.0000,21,2019246456200000126,2018-04-27 18:49:07,18:49:07
2019246456800000127,600000,2010000001,20180402,130800,20180402130800,11.7500,11.7600,11.7300,11.7400,167600.0000,1967700.0000,95,2019246456800000127,2018-04-27 18:49:07,18:49:07
2019246457400000128,600000,2010000001,20180402,130900,20180402130900,11.7400,11.7500,11.7400,11.7400,43600.0000,512022.0000,28,2019246457400000128,2018-04-27 18:49:07,18:49:07
2019246458000000129,600000,2010000001,20180402,131000,20180402131000,11.7400,11.7500,11.7400,11.7500,70015.0000,822425.2500,73,2019246458000000129,2018-04-27 18:49:07,18:49:07
2019246458600000130,600000,2010000001,20180402,131100,20180402131100,11.7500,11.7700,11.7500,11.7600,330100.0000,3882558.6000,142,2019246458600000130,2018-04-27 18:49:07,18:49:07
2019246459200000131,600000,2010000001,20180402,131200,20180402131200,11.7600,11.7700,11.7500,11.7600,24400.0000,286957.0000,30,2019246459200000131,2018-04-27 18:49:07,18:49:07
2019246459800000132,600000,2010000001,20180402,131300,20180402131300,11.7700,11.7800,11.7500,11.7700,160700.0000,1891373.4000,58,2019246459800000132,2018-04-27 18:49:07,18:49:07
2019246460400000133,600000,2010000001,20180402,131400,20180402131400,11.7600,11.7700,11.7500,11.7600,23700.0000,278752.0000,29,2019246460400000133,2018-04-27 18:49:07,18:49:07
2019246461000000134,600000,2010000001,20180402,131500,20180402131500,11.7500,11.7600,11.7400,11.7400,104100.0000,1223036.0000,48,2019246461000000134,2018-04-27 18:49:07,18:49:07
2019246461600000135,600000,2010000001,20180402,131600,20180402131600,11.7400,11.7600,11.7400,11.7600,40600.0000,477023.0000,32,2019246461600000135,2018-04-27 18:49:07,18:49:07
2019246462200000136,600000,2010000001,20180402,131700,20180402131700,11.7500,11.7500,11.7400,11.7500,27400.0000,321866.0000,15,2019246462200000136,2018-04-27 18:49:07,18:49:07
2019246462800000137,600000,2010000001,20180402,131800,20180402131800,11.7500,11.7500,11.7400,11.7500,50100.0000,588389.0000,28,2019246462800000137,2018-04-27 18:49:07,18:49:07
2019246463400000138,600000,2010000001,20180402,131900,20180402131900,11.7500,11.7500,11.7400,11.7500,28700.0000,337108.0000,24,2019246463400000138,2018-04-27 18:49:07,18:49:07
2019246464000000139,600000,2010000001,20180402,132000,20180402132000,11.7500,11.7600,11.7400,11.7600,71265.0000,837411.7500,31,2019246464000000139,2018-04-27 18:49:07,18:49:07
2019246464600000140,600000,2010000001,20180402,132100,20180402132100,11.7600,11.7700,11.7500,11.7700,104545.0000,1230033.2000,46,2019246464600000140,2018-04-27 18:49:07,18:49:07
2019246465200000141,600000,2010000001,20180402,132200,20180402132200,11.7700,11.7700,11.7600,11.7700,40600.0000,477771.0000,27,2019246465200000141,2018-04-27 18:49:07,18:49:07
2019246465800000142,600000,2010000001,20180402,132300,20180402132300,11.7700,11.7700,11.7600,11.7600,41355.0000,486490.8000,33,2019246465800000142,2018-04-27 18:49:07,18:49:07
2019246466400000143,600000,2010000001,20180402,132400,20180402132400,11.7600,11.7600,11.7500,11.7500,51916.0000,610356.0000,34,2019246466400000143,2018-04-27 18:49:07,18:49:07
2019246467000000144,600000,2010000001,20180402,132500,20180402132500,11.7600,11.7700,11.7500,11.7600,48733.0000,573249.0800,35,2019246467000000144,2018-04-27 18:49:07,18:49:07
2019246467600000145,600000,2010000001,20180402,132600,20180402132600,11.7600,11.7700,11.7600,11.7700,102467.0000,1205450.5900,42,2019246467600000145,2018-04-27 18:49:07,18:49:07
2019246468200000146,600000,2010000001,20180402,132700,20180402132700,11.7700,11.7700,11.7500,11.7600,51300.0000,603197.0000,30,2019246468200000146,2018-04-27 18:49:07,18:49:07
2019246468800000147,600000,2010000001,20180402,132800,20180402132800,11.7600,11.7700,11.7600,11.7600,15300.0000,179965.0000,19,2019246468800000147,2018-04-27 18:49:07,18:49:07
2019246469400000148,600000,2010000001,20180402,132900,20180402132900,11.7600,11.7700,11.7600,11.7700,26000.0000,305942.0000,14,2019246469400000148,2018-04-27 18:49:07,18:49:07
2019246470000000149,600000,2010000001,20180402,133000,20180402133000,11.7600,11.7700,11.7500,11.7500,95200.0000,1120143.0000,48,2019246470000000149,2018-04-27 18:49:07,18:49:07
2019246470600000150,600000,2010000001,20180402,133100,20180402133100,11.7500,11.7700,11.7500,11.7600,67800.0000,797245.0000,30,2019246470600000150,2018-04-27 18:49:07,18:49:07
2019246471200000151,600000,2010000001,20180402,133200,20180402133200,11.7500,11.7700,11.7400,11.7500,122219.0000,1436241.2500,55,2019246471200000151,2018-04-27 18:49:07,18:49:07
2019246471800000152,600000,2010000001,20180402,133300,20180402133300,11.7500,11.7500,11.7400,11.7500,87900.0000,1032303.0000,39,2019246471800000152,2018-04-27 18:49:07,18:49:07
2019246472400000153,600000,2010000001,20180402,133400,20180402133400,11.7500,11.7500,11.7400,11.7400,31700.0000,372276.0000,28,2019246472400000153,2018-04-27 18:49:07,18:49:07
2019246473000000154,600000,2010000001,20180402,133500,20180402133500,11.7500,11.7600,11.7400,11.7600,132731.0000,1560219.7500,42,2019246473000000154,2018-04-27 18:49:07,18:49:07
2019246473600000155,600000,2010000001,20180402,133600,20180402133600,11.7700,11.7700,11.7600,11.7700,36600.0000,430527.0000,33,2019246473600000155,2018-04-27 18:49:07,18:49:07
2019246474200000156,600000,2010000001,20180402,133700,20180402133700,11.7700,11.7700,11.7600,11.7700,28935.0000,340355.6000,19,2019246474200000156,2018-04-27 18:49:08,18:49:08
2019246474800000157,600000,2010000001,20180402,133800,20180402133800,11.7600,11.7700,11.7600,11.7600,156715.0000,1844313.4000,54,2019246474800000157,2018-04-27 18:49:08,18:49:08
2019246475400000158,600000,2010000001,20180402,133900,20180402133900,11.7600,11.7600,11.7500,11.7600,16200.0000,190414.0000,20,2019246475400000158,2018-04-27 18:49:08,18:49:08
2019246476000000159,600000,2010000001,20180402,134000,20180402134000,11.7600,11.7600,11.7500,11.7600,45900.0000,539511.0000,28,2019246476000000159,2018-04-27 18:49:08,18:49:08
2019246476600000160,600000,2010000001,20180402,134100,20180402134100,11.7600,11.7600,11.7500,11.7600,45000.0000,529006.0000,43,2019246476600000160,2018-04-27 18:49:08,18:49:08
2019246477200000161,600000,2010000001,20180402,134200,20180402134200,11.7600,11.7600,11.7500,11.7600,43800.0000,514826.0000,30,2019246477200000161,2018-04-27 18:49:08,18:49:08
2019246477800000162,600000,2010000001,20180402,134300,20180402134300,11.7600,11.7600,11.7500,11.7600,37900.0000,445472.0000,23,2019246477800000162,2018-04-27 18:49:08,18:49:08
2019246478400000163,600000,2010000001,20180402,134400,20180402134400,11.7600,11.7600,11.7400,11.7500,334000.0000,3926688.0000,80,2019246478400000163,2018-04-27 18:49:08,18:49:08
2019246479000000164,600000,2010000001,20180402,134500,20180402134500,11.7500,11.7700,11.7400,11.7700,48000.0000,564656.0000,22,2019246479000000164,2018-04-27 18:49:08,18:49:08
2019246479600000165,600000,2010000001,20180402,134600,20180402134600,11.7600,11.7600,11.7500,11.7500,38500.0000,452494.0000,20,2019246479600000165,2018-04-27 18:49:08,18:49:08
2019246480200000166,600000,2010000001,20180402,134700,20180402134700,11.7500,11.7600,11.7500,11.7600,19900.0000,233938.0000,18,2019246480200000166,2018-04-27 18:49:08,18:49:08
2019246480800000167,600000,2010000001,20180402,134800,20180402134800,11.7600,11.7700,11.7500,11.7500,206000.0000,2422934.0000,106,2019246480800000167,2018-04-27 18:49:08,18:49:08
2019246481400000168,600000,2010000001,20180402,134900,20180402134900,11.7500,11.7700,11.7500,11.7600,43700.0000,513939.0000,41,2019246481400000168,2018-04-27 18:49:08,18:49:08
2019246482000000169,600000,2010000001,20180402,135000,20180402135000,11.7600,11.7600,11.7500,11.7500,39100.0000,459604.0000,24,2019246482000000169,2018-04-27 18:49:08,18:49:08
2019246482600000170,600000,2010000001,20180402,135100,20180402135100,11.7500,11.7600,11.7500,11.7600,43000.0000,505433.0000,21,2019246482600000170,2018-04-27 18:49:08,18:49:08
2019246483200000171,600000,2010000001,20180402,135200,20180402135200,11.7600,11.7600,11.7500,11.7600,98400.0000,1156995.0000,38,2019246483200000171,2018-04-27 18:49:08,18:49:08
2019246483800000172,600000,2010000001,20180402,135300,20180402135300,11.7500,11.7600,11.7500,11.7600,35060.0000,412078.0000,25,2019246483800000172,2018-04-27 18:49:08,18:49:08
2019246484400000173,600000,2010000001,20180402,135400,20180402135400,11.7600,11.7700,11.7400,11.7400,184240.0000,2165554.0000,74,2019246484400000173,2018-04-27 18:49:08,18:49:08
2019246485000000174,600000,2010000001,20180402,135500,20180402135500,11.7500,11.7500,11.7400,11.7500,108360.0000,1273147.0000,23,2019246485000000174,2018-04-27 18:49:08,18:49:08
2019246485600000175,600000,2010000001,20180402,135600,20180402135600,11.7500,11.7600,11.7400,11.7600,30740.0000,361113.0000,21,2019246485600000175,2018-04-27 18:49:08,18:49:08
2019246486200000176,600000,2010000001,20180402,135700,20180402135700,11.7500,11.7600,11.7500,11.7600,68300.0000,802599.0000,21,2019246486200000176,2018-04-27 18:49:08,18:49:08
2019246486800000177,600000,2010000001,20180402,135800,20180402135800,11.7500,11.7500,11.7400,11.7500,316500.0000,3718782.0000,37,2019246486800000177,2018-04-27 18:49:08,18:49:08
2019246487400000178,600000,2010000001,20180402,135900,20180402135900,11.7500,11.7600,11.7500,11.7600,64129.0000,753841.7500,32,2019246487400000178,2018-04-27 18:49:08,18:49:08
2019246488000000179,600000,2010000001,20180402,140000,20180402140000,11.7500,11.7600,11.7500,11.7500,20400.0000,239769.0000,28,2019246488000000179,2018-04-27 18:49:08,18:49:08
2019246488600000180,600000,2010000001,20180402,140100,20180402140100,11.7600,11.7600,11.7500,11.7600,27210.0000,319819.5000,24,2019246488600000180,2018-04-27 18:49:08,18:49:08
2019246489200000181,600000,2010000001,20180402,140200,20180402140200,11.7500,11.7600,11.7500,11.7600,18400.0000,216269.0000,20,2019246489200000181,2018-04-27 18:49:08,18:49:08
2019246489800000182,600000,2010000001,20180402,140300,20180402140300,11.7500,11.7600,11.7500,11.7600,119400.0000,1403983.0000,39,2019246489800000182,2018-04-27 18:49:08,18:49:08
2019246490400000183,600000,2010000001,20180402,140400,20180402140400,11.7600,11.7700,11.7400,11.7500,203961.0000,2397038.7500,60,2019246490400000183,2018-04-27 18:49:08,18:49:08
2019246491000000184,600000,2010000001,20180402,140500,20180402140500,11.7400,11.7500,11.7400,11.7500,87500.0000,1027360.0000,23,2019246491000000184,2018-04-27 18:49:08,18:49:08
2019246491600000185,600000,2010000001,20180402,140600,20180402140600,11.7400,11.7500,11.7400,11.7500,61900.0000,726772.0000,25,2019246491600000185,2018-04-27 18:49:08,18:49:08
2019246492200000186,600000,2010000001,20180402,140700,20180402140700,11.7400,11.7500,11.7400,11.7500,53500.0000,628163.0000,35,2019246492200000186,2018-04-27 18:49:08,18:49:08
2019246492800000187,600000,2010000001,20180402,140800,20180402140800,11.7400,11.7500,11.7400,11.7400,90731.0000,1065770.9400,44,2019246492800000187,2018-04-27 18:49:08,18:49:08
2019246493400000188,600000,2010000001,20180402,140900,20180402140900,11.7400,11.7500,11.7300,11.7400,101800.0000,1195209.0000,47,2019246493400000188,2018-04-27 18:49:08,18:49:08
2019246494000000189,600000,2010000001,20180402,141000,20180402141000,11.7400,11.7500,11.7400,11.7500,43769.0000,513949.7500,26,2019246494000000189,2018-04-27 18:49:08,18:49:08
2019246494600000190,600000,2010000001,20180402,141100,20180402141100,11.7300,11.7400,11.7300,11.7300,74400.0000,872850.0000,66,2019246494600000190,2018-04-27 18:49:08,18:49:08
2019246495200000191,600000,2010000001,20180402,141200,20180402141200,11.7300,11.7400,11.7300,11.7400,52300.0000,613602.0000,23,2019246495200000191,2018-04-27 18:49:08,18:49:08
2019246495800000192,600000,2010000001,20180402,141300,20180402141300,11.7300,11.7400,11.7300,11.7400,41900.0000,491673.0000,30,2019246495800000192,2018-04-27 18:49:08,18:49:08
2019246496400000193,600000,2010000001,20180402,141400,20180402141400,11.7300,11.7400,11.7300,11.7400,30400.0000,356752.0000,18,2019246496400000193,2018-04-27 18:49:08,18:49:08
2019246497000000194,600000,2010000001,20180402,141500,20180402141500,11.7300,11.7400,11.7200,11.7300,153400.0000,1798975.0000,85,2019246497000000194,2018-04-27 18:49:08,18:49:08
2019246497600000195,600000,2010000001,20180402,141600,20180402141600,11.7200,11.7400,11.7200,11.7400,150400.0000,1763681.0000,61,2019246497600000195,2018-04-27 18:49:08,18:49:08
2019246498200000196,600000,2010000001,20180402,141700,20180402141700,11.7400,11.7400,11.7300,11.7400,41853.0000,491036.6900,18,2019246498200000196,2018-04-27 18:49:08,18:49:08
2019246498800000197,600000,2010000001,20180402,141800,20180402141800,11.7400,11.7400,11.7300,11.7400,31800.0000,373122.0000,19,2019246498800000197,2018-04-27 18:49:08,18:49:08
2019246499400000198,600000,2010000001,20180402,141900,20180402141900,11.7300,11.7400,11.7300,11.7400,46000.0000,539674.0000,32,2019246499400000198,2018-04-27 18:49:08,18:49:08
2019246500000000199,600000,2010000001,20180402,142000,20180402142000,11.7300,11.7400,11.7300,11.7300,36400.0000,427027.0000,19,2019246500000000199,2018-04-27 18:49:08,18:49:08
2019246500600000200,600000,2010000001,20180402,142100,20180402142100,11.7300,11.7400,11.7300,11.7300,46900.0000,550221.0000,14,2019246500600000200,2018-04-27 18:49:08,18:49:08
2019246501200000201,600000,2010000001,20180402,142200,20180402142200,11.7400,11.7400,11.7200,11.7300,227800.0000,2673622.0000,69,2019246501200000201,2018-04-27 18:49:08,18:49:08
2019246501800000202,600000,2010000001,20180402,142300,20180402142300,11.7300,11.7400,11.7300,11.7300,83046.0000,974304.5800,29,2019246501800000202,2018-04-27 18:49:08,18:49:08
2019246502400000203,600000,2010000001,20180402,142400,20180402142400,11.7300,11.7400,11.7300,11.7400,84020.0000,986276.6000,29,2019246502400000203,2018-04-27 18:49:08,18:49:08
2019246503000000204,600000,2010000001,20180402,142500,20180402142500,11.7300,11.7400,11.7300,11.7400,100900.0000,1184427.0000,27,2019246503000000204,2018-04-27 18:49:08,18:49:08
2019246503600000205,600000,2010000001,20180402,142600,20180402142600,11.7400,11.7500,11.7300,11.7300,72400.0000,849775.0000,37,2019246503600000205,2018-04-27 18:49:08,18:49:08
2019246504200000206,600000,2010000001,20180402,142700,20180402142700,11.7300,11.7500,11.7300,11.7500,83500.0000,980359.0000,24,2019246504200000206,2018-04-27 18:49:08,18:49:08
2019246504800000207,600000,2010000001,20180402,142800,20180402142800,11.7400,11.7400,11.7300,11.7400,159540.0000,1872412.2000,60,2019246504800000207,2018-04-27 18:49:08,18:49:08
2019246505400000208,600000,2010000001,20180402,142900,20180402142900,11.7400,11.7400,11.7200,11.7300,45094.0000,528964.6200,36,2019246505400000208,2018-04-27 18:49:08,18:49:08
2019246506000000209,600000,2010000001,20180402,143000,20180402143000,11.7200,11.7400,11.7200,11.7300,59006.0000,692189.3800,33,2019246506000000209,2018-04-27 18:49:08,18:49:08
2019246506600000210,600000,2010000001,20180402,143100,20180402143100,11.7400,11.7400,11.7300,11.7400,87500.0000,1027175.0000,28,2019246506600000210,2018-04-27 18:49:08,18:49:08
2019246507200000211,600000,2010000001,20180402,143200,20180402143200,11.7300,11.7500,11.7300,11.7500,144100.0000,1691671.0000,38,2019246507200000211,2018-04-27 18:49:08,18:49:08
2019246507800000212,600000,2010000001,20180402,143300,20180402143300,11.7500,11.7500,11.7400,11.7500,37300.0000,438254.0000,21,2019246507800000212,2018-04-27 18:49:08,18:49:08
2019246508400000213,600000,2010000001,20180402,143400,20180402143400,11.7500,11.7500,11.7100,11.7500,282600.0000,3313297.8200,118,2019246508400000213,2018-04-27 18:49:08,18:49:08
2019246509000000214,600000,2010000001,20180402,143500,20180402143500,11.7500,11.7500,11.7300,11.7400,40300.0000,472860.0000,18,2019246509000000214,2018-04-27 18:49:08,18:49:08
2019246509600000215,600000,2010000001,20180402,143600,20180402143600,11.7400,11.7400,11.7300,11.7300,38000.0000,446069.0000,23,2019246509600000215,2018-04-27 18:49:08,18:49:08
2019246510200000216,600000,2010000001,20180402,143700,20180402143700,11.7400,11.7500,11.7300,11.7400,210200.0000,2469501.9800,59,2019246510200000216,2018-04-27 18:49:08,18:49:08
2019246510800000217,600000,2010000001,20180402,143800,20180402143800,11.7400,11.7500,11.7300,11.7400,39300.0000,461157.0000,18,2019246510800000217,2018-04-27 18:49:08,18:49:08
2019246511400000218,600000,2010000001,20180402,143900,20180402143900,11.7400,11.7400,11.7300,11.7400,111500.0000,1308874.0000,41,2019246511400000218,2018-04-27 18:49:08,18:49:08
2019246512000000219,600000,2010000001,20180402,144000,20180402144000,11.7400,11.7500,11.7300,11.7500,84682.0000,994221.8600,23,2019246512000000219,2018-04-27 18:49:08,18:49:08
2019246512600000220,600000,2010000001,20180402,144100,20180402144100,11.7400,11.7500,11.7200,11.7300,163900.0000,1923212.1800,62,2019246512600000220,2018-04-27 18:49:08,18:49:08
2019246513200000221,600000,2010000001,20180402,144200,20180402144200,11.7200,11.7400,11.7200,11.7400,102100.0000,1197458.0000,33,2019246513200000221,2018-04-27 18:49:08,18:49:08
2019246513800000222,600000,2010000001,20180402,144300,20180402144300,11.7300,11.7400,11.7300,11.7300,24900.0000,292173.0000,20,2019246513800000222,2018-04-27 18:49:08,18:49:08
2019246514400000223,600000,2010000001,20180402,144400,20180402144400,11.7400,11.7400,11.7300,11.7400,310200.0000,3641403.0000,39,2019246514400000223,2018-04-27 18:49:08,18:49:08
2019246515000000224,600000,2010000001,20180402,144500,20180402144500,11.7300,11.7400,11.7200,11.7200,100100.0000,1174126.0000,31,2019246515000000224,2018-04-27 18:49:08,18:49:08
2019246515600000225,600000,2010000001,20180402,144600,20180402144600,11.7200,11.7400,11.7200,11.7300,117700.0000,1380314.0000,44,2019246515600000225,2018-04-27 18:49:08,18:49:08
2019246516200000226,600000,2010000001,20180402,144700,20180402144700,11.7300,11.7400,11.7200,11.7300,97300.0000,1141257.0000,40,2019246516200000226,2018-04-27 18:49:08,18:49:08
2019246516800000227,600000,2010000001,20180402,144800,20180402144800,11.7200,11.7400,11.7200,11.7200,254718.0000,2986426.9600,61,2019246516800000227,2018-04-27 18:49:08,18:49:08
2019246517400000228,600000,2010000001,20180402,144900,20180402144900,11.7100,11.7200,11.7100,11.7100,59500.0000,696770.0000,29,2019246517400000228,2018-04-27 18:49:08,18:49:08
2019246518000000229,600000,2010000001,20180402,145000,20180402145000,11.7100,11.7200,11.7100,11.7100,144100.0000,1688347.0000,75,2019246518000000229,2018-04-27 18:49:08,18:49:08
2019246518600000230,600000,2010000001,20180402,145100,20180402145100,11.7100,11.7200,11.7100,11.7100,104594.0000,1225025.7400,51,2019246518600000230,2018-04-27 18:49:08,18:49:08
2019246519200000231,600000,2010000001,20180402,145200,20180402145200,11.7000,11.7100,11.7000,11.7100,239800.0000,2807050.0000,83,2019246519200000231,2018-04-27 18:49:08,18:49:08
2019246519800000232,600000,2010000001,20180402,145300,20180402145300,11.7100,11.7100,11.7000,11.7100,195100.0000,2283759.0000,77,2019246519800000232,2018-04-27 18:49:08,18:49:08
2019246520400000233,600000,2010000001,20180402,145400,20180402145400,11.7100,11.7200,11.7100,11.7100,24806.0000,290616.2600,20,2019246520400000233,2018-04-27 18:49:08,18:49:08
2019246521000000234,600000,2010000001,20180402,145500,20180402145500,11.7200,11.7200,11.7100,11.7200,294400.0000,3448673.0000,63,2019246521000000234,2018-04-27 18:49:08,18:49:08
2019246521600000235,600000,2010000001,20180402,145600,20180402145600,11.7100,11.7200,11.7100,11.7100,132800.0000,1555141.0000,43,2019246521600000235,2018-04-27 18:49:08,18:49:08
2019246522200000236,600000,2010000001,20180402,145700,20180402145700,11.7100,11.7200,11.7100,11.7200,98000.0000,1148237.0000,36,2019246522200000236,2018-04-27 18:49:08,18:49:08
2019246522800000237,600000,2010000001,20180402,145800,20180402145800,11.7100,11.7200,11.7100,11.7100,38100.0000,446223.0000,31,2019246522800000237,2018-04-27 18:49:08,18:49:08
2019246523400000238,600000,2010000001,20180402,145900,20180402145900,11.7200,11.7200,11.7100,11.7100,114600.0000,1343006.0000,41,2019246523400000238,2018-04-27 18:49:08,18:49:08
2019246524000000239,600000,2010000001,20180402,150000,20180402150000,11.7100,11.7200,11.7100,11.7100,212100.0000,2483885.0000,73,2019246524000000239,2018-04-27 18:49:08,18:49:08
